date, pm25, pm10
2025-05-02T18:15:00, 8, 7
2025/5/2, 12, 8
2025/5/3, 12, 2
2025/5/4, 5, 5
2025/5/5, 8, 3
2025/5/6, 11, 6
2025/5/7, 14, 4
2025/5/8, 8, 7
2025/5/9, 11, 5
2025/5/10, 6, 2
2025/5/11, 7, 4
2025/5/12, 6, 2
2025/5/13, 6, 4
2025/5/14, 6, 4
2025/5/15, 6, 6
2025/5/16, 7, 1
2025/5/17, 5, 1
2025/5/18, 4, 2
2025/5/19, 6, 1
2025/5/20, 3, 1
2025/5/21, 4, 4
2025/5/22, 5, 5
2025/5/23, 4, 1
2025/5/24, 4, 8
2025/5/25, 6, 2
2025/5/26, 4, 2
2025/5/27, 3, 7
2025/5/28, 10, 2
2025/5/29, 2, 5
2025/5/30, 7, 1
2025/5/31, 1, 
2025/4/1, 187, 146
2025/4/2, 220, 127
2025/4/3, 224, 111
2025/4/4, 181, 134
2025/4/5, 193, 122
2025/4/6, 173, 136
2025/4/7, 188, 111
2025/4/8, 183, 126
2025/4/9, 176, 45
2025/4/10, 120, 47
2025/4/11, 111, 37
2025/4/12, 86, 44
2025/4/13, 105, 48
2025/4/14, 114, 50
2025/4/15, 119, 58
2025/4/16, 128, 46
2025/4/17, 123, 40
2025/4/18, 117, 
2025/4/21, 84, 57
2025/4/22, 96, 90
2025/4/23, 107, 132
2025/4/24, 137, 82
2025/4/25, 127, 86
2025/4/26, 129, 13
2025/4/27, 37, 5
2025/4/28, 21, 5
2025/4/29, 16, 4
2025/4/30, 9, 2
2025/2/7, 133, 100
2025/2/8, 159, 91
2025/2/9, 167, 89
2025/2/10, 168, 141
2025/2/11, 158, 156
2025/2/12, 162, 123
2025/2/13, 159, 128
2025/2/14, 172, 97
2025/2/15, 170, 128
2025/2/16, 173, 108
2025/2/17, 168, 123
2025/2/18, 169, 93
2025/2/19, 168, 111
2025/2/20, 167, 108
2025/2/21, 159, 92
2025/2/22, 149, 100
2025/2/23, 142, 79
2025/2/24, 161, 92
2025/2/25, 165, 87
2025/2/26, 161, 124
2025/2/27, 170, 73
2025/2/28, 154, 44
2025/3/1, 112, 58
2025/3/2, 98, 71
2025/3/3, 132, 75
2025/3/4, 129, 87
2025/3/5, 139, 91
2025/3/6, 156, 97
2025/3/7, 157, 85
2025/3/8, 163, 105
2025/3/9, 168, 86
2025/3/10, 164, 109
2025/3/11, 168, 79
2025/3/12, 158, 60
2025/3/13, 144, 53
2025/3/14, 127, 58
2025/3/15, 124, 61
2025/3/16, 114, 69
2025/3/17, 109, 62
2025/3/18, 111, 100
2025/3/19, 145, 90
2025/3/20, 143, 162
2025/3/21, 158, 74
2025/3/22, 95, 65
2025/3/23, 104, 78
2025/3/24, 129, 79
2025/3/25, 145, 101
2025/3/26, 165, 98
2025/3/27, 172, 92
2025/3/28, 160, 131
2025/3/29, 167, 204
2025/3/30, 223, 130
2025/3/31, 203, 116
2024/7/1, 41, 10
2024/7/2, 35, 15
2024/7/3, 39, 13
2024/7/4, 40, 11
2024/7/5, 40, 36
2024/7/6, 105, 15
2024/7/7, 54, 
2024/7/9, 60, 17
2024/7/10, 54, 20
2024/7/11, 62, 8
2024/7/12, 30, 15
2024/7/13, 45, 16
2024/7/14, 48, 17
2024/7/15, 55, 18
2024/7/16, 50, 14
2024/7/17, 36, 19
2024/7/18, 44, 12
2024/7/19, 33, 19
2024/7/20, 48, 17
2024/7/21, 51, 13
2024/7/22, 33, 2
2024/7/23, 7, 12
2024/7/24, 26, 10
2024/7/25, 28, 22
2024/7/26, 47, 6
2024/7/27, 19, 13
2024/7/28, 39, 12
2024/7/29, 31, 12
2024/7/30, 38, 12
2024/7/31, 19, 15
2024/8/1, 43, 14
2024/8/2, 32, 12
2024/8/3, 31, 9
2024/8/4, 25, 18
2024/8/5, 44, 8
2024/8/6, 31, 8
2024/8/7, 29, 
2024/8/12, 45, 15
2024/8/13, 48, 12
2024/8/14, 35, 13
2024/8/15, 33, 17
2024/8/16, 39, 13
2024/8/17, 40, 14
2024/8/18, 31, 12
2024/8/19, 35, 9
2024/8/20, 31, 7
2024/8/21, 27, 10
2024/8/22, 31, 14
2024/8/23, 41, 20
2024/8/24, 54, 12
2024/8/25, 35, 15
2024/8/26, 46, 19
2024/8/27, 52, 15
2024/8/28, 40, 20
2024/8/29, 51, 21
2024/8/30, 44, 22
2024/8/31, 53, 15
2024/9/1, 46, 20
2024/9/2, 41, 14
2024/9/3, 31, 16
2024/9/4, 42, 
2024/4/1, 115, 106
2024/4/2, 154, 146
2024/4/3, 163, 112
2024/4/4, 115, 125
2024/4/5, 145, 129
2024/4/6, 139, 152
2024/4/7, 165, 142
2024/4/8, 168, 129
2024/4/9, 168, 123
2024/4/10, 157, 122
2024/4/11, 166, 88
2024/4/12, 147, 107
2024/4/13, 144, 106
2024/4/14, 135, 99
2024/4/15, 145, 80
2024/4/16, 126, 93
2024/4/17, 133, 102
2024/4/18, 151, 104
2024/4/19, 148, 276
2024/4/20, 138, 116
2024/4/21, 147, 
2024/4/23, 99, 
2024/4/25, 158, 127
2024/4/26, 168, 121
2024/4/27, 165, 154
2024/4/28, 175, 155
2024/4/29, 195, 123
2024/4/30, 151, 167
2024/5/1, 169, 180
2024/5/2, 202, 153
2024/5/3, 188, 173
2024/5/4, 202, 152
2024/5/5, 195, 173
2024/5/6, 199, 98
2024/5/7, 192, 101
2024/5/8, 201, 123
2024/5/9, 226, 96
2024/5/10, 197, 79
2024/5/11, 165, 93
2024/5/12, 193, 116
2024/5/13, 219, 98
2024/5/14, 192, 85
2024/5/15, 165, 100
2024/5/16, 171, 153
2024/5/17, 203, 145
2024/5/18, 213, 110
2024/5/19, 204, 91
2024/5/20, 181, 109
2024/5/21, 199, 78
2024/5/22, 169, 98
2024/5/23, 185, 82
2024/5/24, 157, 84
2024/5/25, 163, 83
2024/5/26, 165, 111
2024/5/27, 188, 84
2024/5/28, 174, 107
2024/5/29, 192, 124
2024/5/30, 207, 110
2024/5/31, 188, 101
2024/6/1, 194, 105
2024/6/2, 196, 109
2024/6/3, 192, 89
2024/6/4, 163, 68
2024/6/5, 136, 37
2024/6/6, 69, 40
2024/6/7, 74, 48
2024/6/8, 96, 65
2024/6/9, 117, 65
2024/6/10, 111, 69
2024/6/11, 120, 69
2024/6/12, 118, 70
2024/6/13, 117, 72
2024/6/14, 128, 67
2024/6/15, 120, 60
2024/6/16, 108, 42
2024/6/17, 94, 43
2024/6/18, 103, 43
2024/6/19, 85, 25
2024/6/20, 58, 35
2024/6/21, 63, 42
2024/6/22, 72, 39
2024/6/23, 69, 43
2024/6/24, 70, 37
2024/6/25, 73, 25
2024/6/26, 70, 27
2024/6/27, 60, 14
2024/6/28, 41, 14
2024/6/29, 39, 21
2024/6/30, 56, 14
2024/1/1, 122, 46
2024/1/2, 107, 50
2024/1/3, 114, 56
2024/1/4, 114, 57
2024/1/5, 132, 58
2024/1/6, 134, 60
2024/1/7, 144, 60
2024/1/8, 140, 61
2024/1/9, 139, 55
2024/1/10, 122, 47
2024/1/11, 116, 109
2024/1/12, 136, 67
2024/1/13, 133, 63
2024/1/14, 114, 58
2024/1/15, 106, 51
2024/1/16, 109, 79
2024/1/17, 107, 69
2024/1/18, 114, 98
2024/1/19, 156, 88
2024/1/20, 147, 53
2024/1/21, 136, 76
2024/1/22, 137, 80
2024/1/23, 151, 84
2024/1/24, 147, 75
2024/1/25, 145, 97
2024/1/26, 155, 114
2024/1/27, 141, 89
2024/1/28, 157, 94
2024/1/29, 158, 111
2024/1/30, 167, 102
2024/1/31, 170, 81
2024/2/1, 164, 59
2024/2/2, 122, 70
2024/2/3, 131, 79
2024/2/4, 164, 89
2024/2/5, 160, 73
2024/2/6, 132, 90
2024/2/7, 135, 77
2024/2/8, 144, 94
2024/2/9, 164, 103
2024/2/10, 159, 82
2024/2/11, 143, 86
2024/2/12, 148, 96
2024/2/13, 156, 116
2024/2/14, 168, 75
2024/2/15, 151, 87
2024/2/16, 152, 129
2024/2/17, 160, 96
2024/2/18, 159, 107
2024/2/19, 168, 113
2024/2/20, 166, 93
2024/2/21, 154, 81
2024/2/22, 138, 57
2024/2/23, 119, 73
2024/2/24, 137, 76
2024/2/25, 136, 86
2024/2/26, 142, 102
2024/2/27, 148, 91
2024/2/28, 149, 125
2024/2/29, 160, 85
2024/3/1, 156, 87
2024/3/2, 160, 61
2024/3/3, 131, 48
2024/3/4, 81, 67
2024/3/5, 79, 72
2024/3/6, 90, 64
2024/3/7, 99, 
2024/3/10, 164, 91
2024/3/11, 166, 81
2024/3/12, 161, 72
2024/3/13, 122, 89
2024/3/14, 151, 88
2024/3/15, 135, 126
2024/3/16, 162, 
2024/3/17, 162, 126
2024/3/18, 173, 
2024/3/22, 124, 41
2024/3/23, 107, 65
2024/3/24, 155, 64
2024/3/25, 137, 61
2024/3/26, 139, 62
2024/3/27, 149, 44
2024/3/28, 118, 59
2024/3/29, 128, 76
2024/3/30, 121, 57
2024/3/31, 98, 77
2023/10/1, 70, 17
2023/10/2, 58, 13
2023/10/3, 40, 9
2023/10/4, 40, 10
2023/10/5, 30, 11
2023/10/6, 26, 16
2023/10/7, 43, 29
2023/10/8, 68, 42
2023/10/9, 101, 47
2023/10/10, 112, 37
2023/10/11, 91, 39
2023/10/12, 90, 36
2023/10/13, 87, 31
2023/10/14, 87, 34
2023/10/15, 82, 36
2023/10/16, 93, 20
2023/10/17, 63, 20
2023/10/18, 65, 19
2023/10/19, 63, 19
2023/10/20, 59, 21
2023/10/21, 59, 20
2023/10/22, 62, 22
2023/10/23, 63, 22
2023/10/24, 61, 20
2023/10/25, 55, 19
2023/10/26, 53, 22
2023/10/27, 59, 26
2023/10/28, 66, 32
2023/10/29, 74, 31
2023/10/30, 72, 26
2023/10/31, 60, 35
2023/11/1, 82, 28
2023/11/2, 71, 29
2023/11/3, 72, 33
2023/11/4, 84, 39
2023/11/5, 94, 49
2023/11/6, 128, 42
2023/11/7, 107, 37
2023/11/8, 91, 37
2023/11/9, 88, 41
2023/11/10, 104, 43
2023/11/11, 114, 38
2023/11/12, 103, 37
2023/11/13, 101, 30
2023/11/14, 85, 28
2023/11/15, 76, 24
2023/11/16, 71, 29
2023/11/17, 68, 23
2023/11/18, 62, 22
2023/11/19, 65, 29
2023/11/20, 76, 30
2023/11/21, 80, 31
2023/11/22, 87, 32
2023/11/23, 90, 35
2023/11/24, 98, 29
2023/11/25, 86, 30
2023/11/26, 86, 36
2023/11/27, 92, 32
2023/11/28, 93, 26
2023/11/29, 73, 38
2023/11/30, 105, 36
2023/12/1, 101, 29
2023/12/2, 91, 29
2023/12/3, 88, 43
2023/12/4, 113, 35
2023/12/5, 99, 33
2023/12/6, 91, 47
2023/12/7, 132, 44
2023/12/8, 123, 36
2023/12/9, 101, 33
2023/12/10, 97, 40
2023/12/11, 99, 40
2023/12/12, 99, 39
2023/12/13, 95, 40
2023/12/14, 107, 42
2023/12/15, 115, 42
2023/12/16, 112, 48
2023/12/17, 112, 58
2023/12/18, 130, 52
2023/12/19, 121, 70
2023/12/20, 146, 64
2023/12/21, 138, 55
2023/12/22, 126, 112
2023/12/23, 139, 61
2023/12/24, 140, 50
2023/12/25, 115, 57
2023/12/26, 131, 52
2023/12/27, 126, 48
2023/12/28, 109, 47
2023/12/29, 116, 53
2023/12/30, 125, 49
2023/12/31, 122, 48
2023/7/1, 42, 19
2023/7/2, 45, 14
2023/7/3, 38, 18
2023/7/4, 56, 19
2023/7/5, 55, 35
2023/7/6, 55, 31
2023/7/7, 58, 22
2023/7/8, 41, 21
2023/7/9, 41, 38
2023/7/10, 61, 45
2023/7/11, 72, 37
2023/7/12, 75, 18
2023/7/13, 48, 24
2023/7/14, 62, 21
2023/7/15, 53, 20
2023/7/16, 51, 14
2023/7/17, 38, 17
2023/7/18, 48, 27
2023/7/19, 57, 36
2023/7/20, 67, 22
2023/7/21, 58, 19
2023/7/22, 49, 17
2023/7/23, 45, 22
2023/7/24, 52, 15
2023/7/25, 46, 24
2023/7/26, 55, 22
2023/7/27, 55, 20
2023/7/28, 50, 9
2023/7/29, 32, 16
2023/7/30, 48, 22
2023/7/31, 49, 14
2023/8/1, 36, 18
2023/8/2, 42, 21
2023/8/3, 47, 23
2023/8/4, 46, 27
2023/8/5, 55, 18
2023/8/6, 57, 11
2023/8/7, 38, 13
2023/8/8, 41, 18
2023/8/9, 49, 20
2023/8/10, 38, 27
2023/8/11, 56, 11
2023/8/12, 39, 14
2023/8/13, 48, 35
2023/8/14, 87, 31
2023/8/15, 69, 27
2023/8/16, 64, 33
2023/8/17, 58, 24
2023/8/18, 51, 25
2023/8/19, 52, 23
2023/8/20, 52, 18
2023/8/21, 60, 14
2023/8/22, 42, 10
2023/8/23, 38, 12
2023/8/24, 43, 8
2023/8/25, 30, 8
2023/8/26, 31, 28
2023/8/27, 58, 54
2023/8/28, 86, 49
2023/8/29, 87, 55
2023/8/30, 90, 40
2023/8/31, 83, 41
2023/9/1, 78, 52
2023/9/2, 88, 35
2023/9/3, 70, 32
2023/9/4, 51, 40
2023/9/5, 75, 46
2023/9/6, 73, 26
2023/9/7, 55, 17
2023/9/8, 47, 13
2023/9/9, 38, 24
2023/9/10, 51, 31
2023/9/11, 58, 24
2023/9/12, 64, 25
2023/9/13, 56, 21
2023/9/14, 46, 32
2023/9/15, 49, 35
2023/9/16, 54, 32
2023/9/17, 54, 23
2023/9/18, 66, 
2023/9/22, 47, 21
2023/9/23, 49, 9
2023/9/24, 26, 21
2023/9/25, 40, 29
2023/9/26, 52, 31
2023/9/27, 55, 35
2023/9/28, 67, 30
2023/9/29, 64, 31
2023/9/30, 72, 27
2023/4/11, 205, 130
2023/4/12, 191, 133
2023/4/13, 180, 116
2023/4/14, 172, 117
2023/4/15, 184, 146
2023/4/16, 181, 139
2023/4/17, 176, 133
2023/4/18, 173, 149
2023/4/19, 177, 152
2023/4/20, 170, 220
2023/4/21, 173, 108
2023/4/22, 159, 111
2023/4/23, 161, 60
2023/4/24, 148, 60
2023/4/25, 129, 75
2023/4/26, 145, 98
2023/4/27, 165, 122
2023/4/28, 179, 76
2023/4/29, 158, 69
2023/4/30, 165, 49
2023/5/1, 134, 52
2023/5/2, 130, 41
2023/5/3, 106, 39
2023/5/4, 114, 56
2023/5/5, 111, 69
2023/5/6, 109, 87
2023/5/7, 128, 115
2023/5/8, 138, 130
2023/5/9, 136, 184
2023/5/10, 142, 124
2023/5/11, 144, 125
2023/5/12, 159, 92
2023/5/13, 155, 108
2023/5/14, 146, 57
2023/5/15, 110, 62
2023/5/16, 128, 59
2023/5/17, 131, 52
2023/5/18, 124, 93
2023/5/19, 119, 55
2023/5/20, 107, 63
2023/5/21, 132, 72
2023/5/22, 140, 65
2023/5/23, 127, 56
2023/5/24, 102, 33
2023/5/25, 83, 47
2023/5/26, 80, 34
2023/5/27, 76, 41
2023/5/28, 84, 67
2023/5/29, 108, 78
2023/5/30, 111, 65
2023/5/31, 103, 87
2023/6/1, 130, 90
2023/6/2, 122, 87
2023/6/3, 111, 76
2023/6/4, 102, 74
2023/6/5, 116, 62
2023/6/6, 118, 62
2023/6/7, 113, 73
2023/6/8, 116, 73
2023/6/9, 118, 84
2023/6/10, 115, 57
2023/6/11, 108, 44
2023/6/12, 96, 41
2023/6/13, 88, 32
2023/6/14, 76, 50
2023/6/15, 107, 80
2023/6/16, 131, 67
2023/6/17, 111, 44
2023/6/18, 95, 38
2023/6/19, 72, 36
2023/6/20, 74, 43
2023/6/21, 75, 24
2023/6/22, 62, 37
2023/6/23, 57, 17
2023/6/24, 47, 26
2023/6/25, 56, 24
2023/6/26, 55, 12
2023/6/27, 39, 19
2023/6/28, 44, 19
2023/6/29, 40, 9
2023/6/30, 32, 11
2023/1/13, 141, 75
2023/1/14, 137, 63
2023/1/15, 145, 69
2023/1/16, 158, 72
2023/1/17, 160, 71
2023/1/18, 158, 72
2023/1/19, 162, 77
2023/1/20, 161, 99
2023/1/21, 135, 64
2023/1/22, 120, 67
2023/1/23, 128, 70
2023/1/24, 134, 117
2023/1/25, 149, 74
2023/1/26, 137, 110
2023/1/27, 136, 71
2023/1/28, 133, 69
2023/1/29, 139, 82
2023/1/30, 161, 116
2023/1/31, 146, 77
2023/2/1, 128, 179
2023/2/2, 136, 151
2023/2/3, 151, 125
2023/2/4, 161, 111
2023/2/5, 156, 114
2023/2/6, 161, 93
2023/2/7, 148, 69
2023/2/8, 148, 
2023/2/12, 138, 171
2023/2/13, 149, 92
2023/2/14, 151, 129
2023/2/15, 141, 108
2023/2/16, 151, 81
2023/2/17, 150, 75
2023/2/18, 147, 79
2023/2/19, 144, 84
2023/2/20, 148, 94
2023/2/21, 165, 87
2023/2/22, 153, 157
2023/2/23, 162, 129
2023/2/24, 152, 59
2023/2/25, 159, 
2023/2/26, 1, 34
2023/2/27, 100, 
2023/3/5, 173, 
2022/10/12, 45, 23
2022/10/13, 53, 27
2022/10/14, 55, 32
2022/10/15, 65, 41
2022/10/16, 75, 24
2022/10/17, 48, 34
2022/10/18, 78, 47
2022/10/19, 101, 51
2022/10/20, 80, 
2022/10/31, 98, 50
2022/11/1, 89, 36
2022/11/2, 74, 
2022/9/1, 74, 27
2022/9/2, 61, 31
2022/9/3, 69, 33
2022/9/4, 65, 32
2022/9/5, 73, 33
2022/9/6, 69, 26
2022/9/7, 62, 27
2022/9/8, 68, 
2022/4/28, 183, 119
2022/4/29, 190, 108
2022/4/30, 196, 107
2022/5/1, 182, 112
2022/5/2, 198, 107
2022/5/3, 186, 100
2022/5/4, 182, 77
2022/5/5, 160, 
2021/10/1, 59, 21
2021/10/2, 47, 22
2021/10/3, 55, 36
2021/10/4, 66, 24
2021/10/5, 63, 25
2021/10/6, 56, 12
2021/10/7, 47, 39
2021/10/8, 79, 38
2021/10/9, 82, 43
2021/10/10, 89, 46
2021/10/11, 92, 40
2021/10/12, 82, 39
2021/10/13, 75, 32
2021/10/14, 71, 24
2021/10/15, 51, 22
2021/10/16, 51, 16
2021/10/17, 36, 14
2021/10/18, 50, 16
2021/10/19, 59, 6
2021/10/20, 21, 15
2021/10/21, 37, 31
2021/10/22, 72, 39
2021/10/23, 101, 53
2021/10/24, 115, 50
2021/10/25, 117, 43
2021/10/26, 96, 42
2021/10/27, 87, 43
2021/10/28, 106, 
2021/11/24, 81, 25
2021/11/25, 76, 22
2021/11/26, 71, 24
2021/11/27, 73, 19
2021/11/28, 62, 19
2021/11/29, 56, 20
2021/11/30, 54, 
2021/12/2, 42, 16
2021/12/3, 43, 17
2021/12/4, 47, 11
2021/12/5, 33, 12
2021/12/6, 40, 13
2021/12/7, 38, 15
2021/12/8, 45, 19
2021/12/9, 53, 20
2021/12/10, 54, 20
2021/12/11, 59, 16
2021/12/12, 61, 
2021/7/1, 86, 13
2021/7/2, 47, 15
2021/7/3, 48, 24
2021/7/4, 62, 23
2021/7/5, 59, 23
2021/7/6, 62, 27
2021/7/7, 69, 12
2021/7/8, 47, 10
2021/7/9, 37, 18
2021/7/10, 47, 10
2021/7/11, 41, 14
2021/7/12, 41, 16
2021/7/13, 44, 16
2021/7/14, 48, 16
2021/7/15, 46, 
2021/7/20, 52, 10
2021/7/21, 38, 15
2021/7/22, 47, 11
2021/7/23, 33, 14
2021/7/24, 34, 12
2021/7/25, 31, 14
2021/7/26, 50, 14
2021/7/27, 45, 8
2021/7/28, 22, 12
2021/7/29, 29, 11
2021/7/30, 28, 
2021/8/5, 48, 25
2021/8/6, 54, 21
2021/8/7, 55, 16
2021/8/8, 38, 13
2021/8/9, 40, 18
2021/8/10, 50, 23
2021/8/11, 53, 16
2021/8/12, 48, 18
2021/8/13, 51, 19
2021/8/14, 39, 9
2021/8/15, 29, 25
2021/8/16, 52, 27
2021/8/17, 56, 15
2021/8/18, 49, 13
2021/8/19, 36, 14
2021/8/20, 41, 11
2021/8/21, 36, 15
2021/8/22, 45, 13
2021/8/23, 48, 15
2021/8/24, 50, 9
2021/8/25, 33, 8
2021/8/26, 29, 
2021/8/30, 34, 17
2021/8/31, 40, 19
2021/9/1, 41, 20
2021/9/2, 51, 18
2021/9/3, 56, 27
2021/9/4, 56, 25
2021/9/5, 58, 14
2021/9/6, 41, 13
2021/9/7, 38, 13
2021/9/8, 32, 17
2021/9/9, 47, 15
2021/9/10, 55, 
2021/9/13, 47, 29
2021/9/14, 57, 12
2021/9/15, 41, 15
2021/9/16, 43, 14
2021/9/17, 50, 
2021/9/20, 34, 18
2021/9/21, 40, 18
2021/9/22, 50, 28
2021/9/23, 58, 33
2021/9/24, 59, 33
2021/9/25, 61, 33
2021/9/26, 84, 22
2021/9/27, 47, 19
2021/9/28, 49, 28
2021/9/29, 60, 34
2021/9/30, 65, 31
2021/4/1, 143, 95
2021/4/2, 158, 142
2021/4/3, 158, 151
2021/4/4, 206, 191
2021/4/5, 205, 204
2021/4/6, 233, 170
2021/4/7, 216, 141
2021/4/8, 162, 121
2021/4/9, 147, 84
2021/4/10, 129, 115
2021/4/11, 159, 152
2021/4/12, 188, 206
2021/4/13, 191, 148
2021/4/14, 186, 159
2021/4/15, 169, 70
2021/4/16, 138, 73
2021/4/17, 134, 52
2021/4/18, 103, 59
2021/4/19, 114, 94
2021/4/20, 144, 95
2021/4/21, 162, 51
2021/4/22, 97, 57
2021/4/23, 85, 78
2021/4/24, 115, 83
2021/4/25, 126, 101
2021/4/26, 140, 126
2021/4/27, 156, 124
2021/4/28, 164, 75
2021/4/29, 144, 60
2021/4/30, 130, 54
2021/5/1, 134, 46
2021/5/2, 127, 57
2021/5/3, 136, 46
2021/5/4, 120, 28
2021/5/5, 77, 38
2021/5/6, 99, 46
2021/5/7, 117, 47
2021/5/8, 96, 48
2021/5/9, 94, 45
2021/5/10, 114, 44
2021/5/11, 118, 30
2021/5/12, 85, 29
2021/5/13, 75, 35
2021/5/14, 82, 37
2021/5/15, 80, 45
2021/5/16, 99, 
2021/5/18, 108, 50
2021/5/19, 127, 23
2021/5/20, 76, 20
2021/5/21, 52, 29
2021/5/22, 64, 30
2021/5/23, 65, 43
2021/5/24, 76, 31
2021/5/25, 75, 8
2021/5/26, 33, 11
2021/5/27, 42, 19
2021/5/28, 63, 
2021/6/1, 80, 30
2021/6/2, 67, 34
2021/6/3, 72, 42
2021/6/4, 81, 54
2021/6/5, 98, 42
2021/6/6, 86, 50
2021/6/7, 91, 54
2021/6/8, 106, 46
2021/6/9, 93, 33
2021/6/10, 80, 27
2021/6/11, 66, 13
2021/6/12, 42, 10
2021/6/13, 41, 14
2021/6/14, 44, 9
2021/6/15, 37, 9
2021/6/16, 38, 12
2021/6/17, 42, 13
2021/6/18, 35, 12
2021/6/19, 29, 7
2021/6/20, 27, 18
2021/6/21, 39, 29
2021/6/22, 54, 26
2021/6/23, 55, 25
2021/6/24, 56, 19
2021/6/25, 59, 15
2021/6/26, 50, 23
2021/6/27, 55, 24
2021/6/28, 62, 25
2021/6/29, 63, 25
2021/6/30, 76, 29
2021/1/6, 83, 
2021/1/8, 129, 
2021/1/20, 153, 
2021/3/4, 197, 154
2021/3/5, 151, 
2021/3/9, 157, 78
2021/3/10, 136, 59
2021/3/11, 120, 
2021/3/15, 169, 127
2021/3/16, 173, 158
2021/3/17, 183, 171
2021/3/18, 201, 
2021/3/20, 180, 109
2021/3/21, 174, 145
2021/3/22, 188, 155
2021/3/23, 198, 151
2021/3/24, 179, 169
2021/3/25, 186, 245
2021/3/26, 249, 243
2021/3/27, 288, 181
2021/3/28, 258, 187
2021/3/29, 287, 
2021/3/31, 201, 86
2020/10/3, 104, 50
2020/10/4, 96, 48
2020/10/5, 92, 45
2020/10/6, 87, 52
2020/10/7, 91, 50
2020/10/8, 86, 53
2020/10/9, 86, 52
2020/10/10, 88, 48
2020/10/11, 88, 51
2020/10/12, 85, 74
2020/10/13, 106, 55
2020/10/14, 114, 54
2020/10/15, 112, 55
2020/10/16, 94, 53
2020/10/17, 84, 50
2020/10/18, 89, 55
2020/10/19, 111, 63
2020/10/20, 125, 58
2020/10/21, 119, 58
2020/10/22, 122, 50
2020/10/23, 101, 33
2020/10/24, 92, 
2020/10/26, 101, 51
2020/10/27, 109, 50
2020/10/28, 95, 56
2020/10/29, 89, 56
2020/10/30, 89, 59
2020/10/31, 93, 53
2020/11/1, 87, 54
2020/11/2, 110, 58
2020/11/3, 142, 75
2020/11/4, 161, 74
2020/11/5, 152, 74
2020/11/6, 153, 76
2020/11/7, 157, 86
2020/11/8, 142, 73
2020/11/9, 125, 69
2020/11/10, 117, 75
2020/11/11, 111, 71
2020/11/12, 88, 64
2020/11/13, 103, 59
2020/11/14, 104, 53
2020/11/15, 96, 74
2020/11/16, 141, 53
2020/11/17, 104, 50
2020/11/18, 98, 56
2020/11/19, 104, 64
2020/11/20, 125, 65
2020/11/21, 135, 64
2020/11/22, 137, 65
2020/11/23, 144, 69
2020/11/24, 144, 80
2020/11/25, 148, 78
2020/11/26, 143, 91
2020/11/27, 154, 96
2020/11/28, 145, 87
2020/11/29, 138, 84
2020/11/30, 138, 74
2020/12/1, 129, 68
2020/12/2, 116, 67
2020/12/3, 114, 65
2020/12/4, 132, 64
2020/12/5, 139, 67
2020/12/6, 147, 72
2020/12/7, 156, 81
2020/12/8, 164, 79
2020/12/9, 165, 79
2020/12/10, 162, 77
2020/12/11, 155, 77
2020/12/12, 150, 74
2020/12/13, 137, 69
2020/12/14, 131, 83
2020/12/15, 137, 112
2020/12/16, 154, 73
2020/12/17, 140, 76
2020/12/18, 146, 83
2020/12/19, 159, 80
2020/12/20, 165, 
2020/12/24, 161, 125
2020/12/25, 128, 
2021/1/1, 166, 68
2021/1/2, 162, 
2020/7/1, 69, 26
2020/7/2, 67, 26
2020/7/3, 76, 
2020/7/7, 33, 10
2020/7/8, 23, 9
2020/7/9, 36, 6
2020/7/10, 25, 6
2020/7/11, 24, 9
2020/7/12, 39, 12
2020/7/13, 39, 9
2020/7/14, 35, 16
2020/7/15, 43, 16
2020/7/16, 36, 18
2020/7/17, 40, 10
2020/7/18, 40, 9
2020/7/19, 36, 8
2020/7/20, 31, 8
2020/7/21, 31, 7
2020/7/22, 22, 4
2020/7/23, 18, 5
2020/7/24, 21, 7
2020/7/25, 29, 13
2020/7/26, 41, 10
2020/7/27, 38, 11
2020/7/28, 37, 10
2020/7/29, 34, 11
2020/7/30, 36, 10
2020/7/31, 34, 9
2020/8/1, 33, 7
2020/8/2, 21, 9
2020/8/3, 30, 12
2020/8/4, 35, 2
2020/8/5, 9, 3
2020/8/6, 8, 3
2020/8/7, 8, 3
2020/8/8, 13, 3
2020/8/9, 12, 1
2020/8/10, 3, 1
2020/8/11, 4, 
2020/8/14, 1, 1
2020/8/15, 1, 1
2020/8/16, 1, 1
2020/8/17, 1, 1
2020/8/18, 1, 1
2020/8/19, 1, 1
2020/8/20, 1, 1
2020/8/21, 1, 1
2020/8/22, 1, 1
2020/8/23, 1, 1
2020/8/24, 1, 1
2020/8/25, 1, 1
2020/8/26, 1, 1
2020/8/27, 1, 1
2020/8/28, 1, 1
2020/8/29, 1, 1
2020/8/30, 1, 1
2020/8/31, 1, 1
2020/9/1, 1, 1
2020/9/2, 1, 1
2020/9/3, 1, 1
2020/9/4, 1, 1
2020/9/5, 1, 1
2020/9/6, 1, 1
2020/9/7, 1, 152
2020/9/8, 232, 262
2020/9/9, 422, 258
2020/9/10, 417, 
2020/9/17, 85, 23
2020/9/18, 66, 29
2020/9/19, 71, 30
2020/9/20, 62, 28
2020/9/21, 59, 20
2020/9/22, 54, 8
2020/9/23, 33, 9
2020/9/24, 37, 10
2020/9/25, 25, 15
2020/9/26, 37, 19
2020/9/27, 47, 31
2020/9/28, 68, 32
2020/9/29, 80, 
2020/4/1, 106, 37
2020/4/2, 87, 43
2020/4/3, 96, 48
2020/4/4, 113, 57
2020/4/5, 125, 61
2020/4/6, 138, 62
2020/4/7, 135, 68
2020/4/8, 142, 54
2020/4/9, 107, 65
2020/4/10, 134, 75
2020/4/11, 167, 69
2020/4/12, 160, 60
2020/4/13, 146, 48
2020/4/14, 128, 24
2020/4/15, 71, 41
2020/4/16, 105, 38
2020/4/17, 106, 39
2020/4/18, 90, 30
2020/4/19, 69, 27
2020/4/20, 71, 15
2020/4/21, 52, 16
2020/4/22, 56, 25
2020/4/23, 75, 30
2020/4/24, 90, 
2020/4/27, 75, 19
2020/4/28, 63, 21
2020/4/29, 69, 17
2020/4/30, 59, 17
2020/5/1, 60, 18
2020/5/2, 59, 20
2020/5/3, 69, 20
2020/5/4, 67, 
2020/5/6, 47, 17
2020/5/7, 54, 25
2020/5/8, 69, 22
2020/5/9, 61, 30
2020/5/10, 79, 41
2020/5/11, 98, 31
2020/5/12, 81, 33
2020/5/13, 78, 37
2020/5/14, 89, 36
2020/5/15, 97, 41
2020/5/16, 101, 47
2020/5/17, 85, 37
2020/5/18, 87, 30
2020/5/19, 71, 28
2020/5/20, 82, 24
2020/5/21, 72, 33
2020/5/22, 81, 28
2020/5/23, 66, 33
2020/5/24, 79, 39
2020/5/25, 88, 32
2020/5/26, 94, 
2020/5/28, 1, 1
2020/5/29, 1, 5
2020/5/30, 16, 13
2020/5/31, 40, 4
2020/6/1, 14, 6
2020/6/2, 27, 24
2020/6/3, 57, 26
2020/6/4, 76, 15
2020/6/5, 53, 10
2020/6/6, 37, 15
2020/6/7, 45, 11
2020/6/8, 35, 22
2020/6/9, 61, 27
2020/6/10, 58, 25
2020/6/11, 68, 21
2020/6/12, 52, 13
2020/6/13, 35, 14
2020/6/14, 28, 6
2020/6/15, 22, 6
2020/6/16, 20, 8
2020/6/17, 27, 7
2020/6/18, 26, 10
2020/6/19, 38, 
2020/6/23, 58, 21
2020/6/24, 55, 12
2020/6/25, 46, 8
2020/6/26, 26, 16
2020/6/27, 44, 15
2020/6/28, 48, 13
2020/6/29, 39, 30
2020/6/30, 68, 28
2020/1/1, 152, 72
2020/1/2, 152, 58
2020/1/3, 147, 51
2020/1/4, 141, 33
2020/1/5, 86, 53
2020/1/6, 118, 69
2020/1/7, 147, 58
2020/1/8, 150, 53
2020/1/9, 144, 54
2020/1/10, 135, 60
2020/1/11, 138, 51
2020/1/12, 138, 79
2020/1/13, 137, 66
2020/1/14, 133, 65
2020/1/15, 136, 71
2020/1/16, 150, 27
2020/1/17, 87, 46
2020/1/18, 118, 56
2020/1/19, 117, 72
2020/1/20, 136, 85
2020/1/21, 155, 71
2020/1/22, 128, 88
2020/1/23, 140, 60
2020/1/24, 129, 68
2020/1/25, 151, 69
2020/1/26, 155, 74
2020/1/27, 156, 82
2020/1/28, 156, 59
2020/1/29, 127, 57
2020/1/30, 135, 68
2020/1/31, 142, 74
2020/2/1, 138, 62
2020/2/2, 139, 76
2020/2/3, 151, 70
2020/2/4, 152, 72
2020/2/5, 146, 92
2020/2/6, 154, 115
2020/2/7, 161, 96
2020/2/8, 152, 82
2020/2/9, 153, 79
2020/2/10, 145, 73
2020/2/11, 145, 88
2020/2/12, 149, 90
2020/2/13, 145, 111
2020/2/14, 148, 80
2020/2/15, 160, 91
2020/2/16, 172, 85
2020/2/17, 172, 79
2020/2/18, 167, 79
2020/2/19, 162, 82
2020/2/20, 174, 76
2020/2/21, 165, 50
2020/2/22, 128, 72
2020/2/23, 143, 64
2020/2/24, 127, 52
2020/2/25, 107, 20
2020/2/26, 66, 39
2020/2/27, 85, 47
2020/2/28, 98, 43
2020/2/29, 117, 62
2020/3/1, 116, 51
2020/3/2, 116, 49
2020/3/3, 120, 62
2020/3/4, 116, 71
2020/3/5, 127, 79
2020/3/6, 124, 36
2020/3/7, 100, 49
2020/3/8, 137, 52
2020/3/9, 110, 59
2020/3/10, 120, 66
2020/3/11, 121, 72
2020/3/12, 109, 83
2020/3/13, 127, 44
2020/3/14, 106, 68
2020/3/15, 91, 99
2020/3/16, 107, 88
2020/3/17, 122, 70
2020/3/18, 121, 103
2020/3/19, 137, 72
2020/3/20, 124, 26
2020/3/21, 71, 54
2020/3/22, 107, 77
2020/3/23, 91, 38
2020/3/24, 101, 44
2020/3/25, 110, 54
2020/3/26, 133, 50
2020/3/27, 125, 30
2020/3/28, 70, 
2020/3/29, 90, 37
2020/3/30, 89, 47
2020/3/31, 96, 65
2019/10/3, 24, 6
2019/10/4, 24, 
2019/10/15, 47, 14
2019/10/16, 43, 13
2019/10/17, 41, 15
2019/10/18, 47, 15
2019/10/19, 51, 19
2019/10/20, 55, 18
2019/10/21, 60, 20
2019/10/22, 62, 43
2019/10/23, 80, 
2019/11/4, 50, 18
2019/11/5, 44, 
2019/11/10, 88, 53
2019/11/11, 101, 59
2019/11/12, 112, 79
2019/11/13, 118, 44
2019/11/14, 70, 124
2019/11/15, 115, 54
2019/11/16, 102, 60
2019/11/17, 110, 83
2019/11/18, 141, 79
2019/11/19, 152, 103
2019/11/20, 152, 83
2019/11/21, 157, 70
2019/11/22, 146, 85
2019/11/23, 149, 72
2019/11/24, 158, 82
2019/11/25, 162, 115
2019/11/26, 156, 87
2019/11/27, 146, 70
2019/11/28, 123, 98
2019/11/29, 135, 
2019/12/1, 89, 67
2019/12/2, 127, 77
2019/12/3, 142, 116
2019/12/4, 186, 111
2019/12/5, 152, 121
2019/12/6, 143, 91
2019/12/7, 125, 79
2019/12/8, 118, 79
2019/12/9, 121, 68
2019/12/10, 129, 66
2019/12/11, 128, 87
2019/12/12, 157, 59
2019/12/13, 138, 36
2019/12/14, 92, 44
2019/12/15, 107, 49
2019/12/16, 107, 66
2019/12/17, 121, 58
2019/12/18, 112, 71
2019/12/19, 127, 81
2019/12/20, 125, 78
2019/12/21, 139, 83
2019/12/22, 118, 54
2019/12/23, 110, 54
2019/12/24, 125, 70
2019/12/25, 130, 57
2019/12/26, 120, 62
2019/12/27, 132, 76
2019/12/28, 152, 86
2019/12/29, 147, 
2019/4/1, 206, 
2019/4/2, 61, 
2019/4/3, 67, 
2019/4/4, 75, 
2019/4/5, 91, 
2019/4/6, 64, 
2019/4/7, 32, 
2019/4/8, 47, 
2019/4/9, 50, 
2019/4/10, 41, 
2019/4/11, 49, 
2019/4/12, 57, 
2019/4/13, 64, 
2019/4/14, 62, 
2019/4/15, 54, 
2019/4/16, 55, 
2019/4/17, 35, 
2019/4/18, 52, 
2019/4/19, 46, 
2019/4/20, 56, 
2019/4/21, 75, 
2019/4/22, 86, 
2019/4/23, 79, 
2019/4/24, 70, 
2019/4/25, 69, 
2019/4/26, 81, 
2019/4/27, 79, 
2019/4/28, 69, 
2019/4/29, 71, 
2019/4/30, 70, 
2019/5/1, 68, 
2019/5/2, 50, 
2019/5/3, 66, 
2019/5/4, 46, 
2019/5/5, 50, 
2019/5/6, 67, 
2019/5/7, 80, 
2019/5/8, 87, 
2019/5/9, 94, 
2019/5/10, 87, 
2019/5/11, 81, 
2019/5/12, 82, 
2019/6/8, 38, 17
2019/6/9, 43, 12
2019/6/10, 49, 
2019/6/19, 39, 9
2019/6/20, 26, 10
2019/6/21, 26, 6
2019/6/22, 24, 
2019/2/6, 94, 
2019/2/7, 90, 
2019/2/8, 57, 
2019/2/9, 41, 
2019/2/10, 60, 
2019/2/11, 67, 
2019/2/12, 77, 
2019/2/13, 79, 
2019/2/14, 100, 
2019/2/15, 88, 
2019/2/16, 67, 
2019/2/17, 61, 
2019/2/18, 68, 
2019/2/19, 70, 
2019/2/20, 74, 
2019/2/21, 82, 
2019/2/22, 76, 
2019/2/23, 69, 
2019/2/24, 67, 
2019/2/25, 52, 
2019/2/26, 54, 
2019/2/27, 53, 
2019/2/28, 24, 
2019/3/1, 47, 
2019/3/2, 60, 
2019/3/3, 64, 
2019/3/4, 61, 
2019/3/5, 56, 
2019/3/6, 59, 
2019/3/7, 67, 
2019/3/8, 102, 
2019/3/9, 66, 
2019/3/10, 52, 
2019/3/11, 55, 
2019/3/13, 54, 
2019/3/14, 63, 
2019/3/31, 182, 
2018/10/1, 52, 13
2018/10/2, 44, 16
2018/10/3, 48, 13
2018/10/4, 48, 13
2018/10/5, 49, 21
2018/10/6, 47, 14
2018/10/7, 45, 12
2018/10/8, 44, 16
2018/10/9, 48, 18
2018/10/10, 54, 15
2018/10/11, 50, 14
2018/10/12, 40, 9
2018/10/13, 31, 11
2018/10/14, 36, 14
2018/10/15, 46, 18
2018/10/16, 60, 22
2018/10/17, 69, 21
2018/10/18, 64, 16
2018/10/19, 59, 16
2018/10/20, 57, 16
2018/10/21, 57, 18
2018/10/22, 54, 17
2018/10/23, 55, 18
2018/10/24, 58, 21
2018/10/25, 65, 18
2018/10/26, 56, 20
2018/10/27, 54, 17
2018/10/28, 50, 16
2018/10/29, 51, 13
2018/10/30, 42, 19
2018/10/31, 55, 17
2018/11/1, 54, 13
2018/11/2, 43, 13
2018/11/3, 45, 21
2018/11/4, 59, 21
2018/11/5, 62, 23
2018/11/6, 60, 22
2018/11/7, 60, 20
2018/11/8, 66, 20
2018/11/9, 65, 17
2018/11/10, 59, 16
2018/11/11, 54, 18
2018/11/12, 60, 23
2018/11/13, 71, 23
2018/11/14, 71, 23
2018/11/15, 69, 23
2018/11/16, 70, 24
2018/11/17, 68, 24
2018/11/18, 73, 32
2018/11/19, 93, 35
2018/11/20, 102, 40
2018/11/21, 112, 32
2018/11/22, 90, 26
2018/11/23, 76, 24
2018/11/24, 73, 27
2018/11/25, 77, 24
2018/11/26, 72, 24
2018/11/27, 70, 22
2018/11/28, 65, 21
2018/11/29, 61, 19
2018/11/30, 62, 23
2018/12/1, 68, 27
2018/12/2, 71, 31
2018/12/3, 80, 27
2018/12/4, 79, 36
2018/12/5, 89, 29
2018/12/6, 75, 26
2018/12/7, 75, 27
2018/12/8, 77, 24
2018/12/9, 71, 21
2018/12/10, 61, 20
2018/12/11, 59, 20
2018/12/12, 59, 18
2018/12/13, 58, 22
2018/12/14, 68, 29
2018/12/15, 73, 25
2018/12/16, 71, 42
2018/12/17, 110, 39
2018/12/18, 106, 41
2018/12/19, 117, 42
2018/12/20, 115, 37
2018/12/21, 100, 49
2018/12/22, 140, 
2018/8/20, 40, 6
2018/8/21, 20, 7
2018/8/22, 22, 5
2018/8/23, 17, 6
2018/8/24, 21, 5
2018/8/25, 20, 6
2018/8/26, 22, 4
2018/8/27, 18, 4
2018/8/28, 17, 6
2018/8/29, 23, 6
2018/8/30, 23, 5
2018/8/31, 22, 8
2018/9/1, 24, 5
2018/9/2, 15, 6
2018/9/3, 18, 11
2018/9/4, 32, 11
2018/9/5, 32, 7
2018/9/6, 23, 6
2018/9/7, 16, 9
2018/9/8, 21, 8
2018/9/9, 27, 6
2018/9/10, 24, 5
2018/9/11, 21, 6
2018/9/12, 23, 9
2018/9/13, 29, 10
2018/9/14, 36, 11
2018/9/15, 33, 9
2018/9/16, 33, 10
2018/9/17, 32, 10
2018/9/18, 33, 16
2018/9/19, 40, 11
2018/9/20, 34, 6
2018/9/21, 22, 6
2018/9/22, 19, 7
2018/9/23, 23, 9
2018/9/24, 29, 14
2018/9/25, 40, 11
2018/9/26, 34, 11
2018/9/27, 32, 10
2018/9/28, 32, 13
2018/9/29, 40, 17
2018/9/30, 48, 19
2025/4/20, , 56
2025/2/6, , 93
2024/7/8, , 20
2024/8/11, , 13
2024/4/22, , 104
2024/4/24, , 109
2024/3/9, , 96
2024/3/21, , 58
2023/9/21, , 25
2023/4/10, , 134
2023/1/12, , 74
2023/2/11, , 101
2023/3/4, , 76
2022/10/11, , 15
2022/10/30, , 47
2022/8/31, , 31
2022/4/27, , 138
2021/11/23, , 30
2021/12/1, , 21
2021/7/19, , 14
2021/8/4, , 16
2021/8/29, , 12
2021/9/12, , 21
2021/9/19, , 18
2021/5/17, , 52
2021/5/31, , 30
2021/1/5, , 68
2021/1/7, , 95
2021/1/19, , 54
2021/3/3, , 170
2021/3/8, , 69
2021/3/14, , 122
2021/3/19, , 133
2021/3/30, , 156
2020/10/2, , 56
2020/10/25, , 48
2020/12/23, , 94
2020/12/31, , 107
2020/7/6, , 10
2020/8/13, , 1
2020/9/16, , 34
2020/4/26, , 27
2020/5/5, , 14
2020/5/27, , 1
2020/6/22, , 18
2019/12/31, , 79
2019/10/2, , 10
2019/10/14, , 16
2019/11/3, , 13
2019/11/9, , 51
2019/11/30, , 40
2019/6/7, , 14
2019/6/18, , 11
2018/8/19, , 13